Comment,Positive,Neutral,Negative,Sentiment
ğŸ‘ğŸ‘ğŸ‘,0.9993628859519958,0.00010981045488733798,0.0005273420829325914,positive
Alamatnya dimn ini?,0.00027886786847375333,0.00046091421972960234,0.9992602467536926,negative
Rekomend & enak ğŸ‘,0.9997863173484802,6.265100091695786e-05,0.00015104356862138957,positive
Parkiran mobil aman tp ko?,0.002957704709842801,0.014327618293464184,0.9827147126197815,negative
Kok semua enakk ketokee.. Yummmi,0.9595937132835388,0.0008898677187971771,0.03951641544699669,positive
"Terdebeeest ini,langganan ğŸ¤¤ğŸ¤¤ğŸ¤¤",0.004691864363849163,0.9945520758628845,0.0007560478989034891,neutral
"ketok enak kabeh , pen cobain ğŸ¤¤",0.999460756778717,0.00025813441607169807,0.00028103424119763076,positive
Alhamdulillah akhirnya buka dr siang juga....ğŸ”¥â¤ï¸â¤ï¸,0.998127281665802,0.0012043213937431574,0.0006682869279757142,positive
"Udah sempet nyobain ko, fresh bgt salad e",0.9995046854019165,0.00018084885959979147,0.00031444765045307577,positive
Enakjiii ğŸ¤¤,0.1412801444530487,0.001227006665430963,0.8574928045272827,negative
ğŸ‘,0.9996160268783569,8.293566497741267e-05,0.0003009515639860183,positive
jd pgn mkn saladğŸ˜®,0.027225609868764877,0.9701110124588013,0.0026634582318365574,neutral
Rekomend banget si iniğŸ˜,0.999703586101532,6.361341365845874e-05,0.00023274389968719333,positive
Wahhh makanan sehat niii,0.9986138343811035,0.00011079788237111643,0.0012752825859934092,positive
Wahhh sehat tapi enak kalo ini,0.9973424077033997,0.0001855212904047221,0.002472084481269121,positive
Ini enakkk banget dan recomend ğŸ«¶ğŸ»ğŸ«¶ğŸ»ğŸ«¶ğŸ»ğŸ«¶ğŸ»ğŸ¥´ğŸ¥´,0.9997619986534119,8.433335460722446e-05,0.00015362896374426782,positive
Mantap.sueger saladnya ğŸ”¥ğŸ”¥ @naniksuryanti2020,0.9994931221008301,0.0002397823700448498,0.0002671687107067555,positive
Langganan iniii koo,0.558219313621521,0.008107218891382217,0.43367353081703186,positive
Yummy koğŸ˜ğŸ˜ğŸ˜ğŸ˜,0.9996757507324219,7.944671233417466e-05,0.0002448256127536297,positive
Udah tau lama dari awal2 buka ko. Enak emang saladnya. Tp beberapa bulan terakhir belum kesana lagi.,0.9917599558830261,0.0007130048470571637,0.007527066394686699,positive
Wehhh enuk,0.0027698425110429525,0.00012804556172341108,0.9971020817756653,negative
Enaakk beudddddd dn sehatt,0.013409246690571308,0.9846534132957458,0.001937362365424633,neutral
Enakkkj,0.002215817803516984,0.00010442469647387043,0.9976797699928284,negative
Mwantaabbbbb,0.0009817398386076093,0.004767619539052248,0.9942506551742554,negative
Favoritttt,0.02934766747057438,0.000578648061491549,0.9700736403465271,negative
sukohardjo manakah?,0.0006075292476452887,0.9966996312141418,0.0026928922161459923,neutral
Dulu pernah kesini tp bukanya sore sedangkan klo sore suami ga bisa jadi kita cuma duduk bentar doank disitu wkkwkkk.. Btw seladanya mereka tanam sendiri di pekarangan rumah,0.13764725625514984,0.7427749633789062,0.11957771331071854,neutral
"Langganan ku ini, the besttt..",0.9987581968307495,0.00038312753895297647,0.0008587049087509513,positive
"Dah Beberapa kali ke Sana Ko, Cmn Wkt itu buka'nya sore jam 17.00 Skrg Kt'nya udh buka dr Siang. Next Gas Neh Ko... Soale Terfavo Byaat Hehehe...",0.997718095779419,0.0008648011717014015,0.0014171028742566705,positive
RecumendedğŸ™Œ,0.999057948589325,9.370112093165517e-05,0.000848298252094537,positive
"Sayang iklan saja, share loc ku datangi",0.00530913146212697,0.5762214064598083,0.41846948862075806,neutral
Alamat nya mana,0.01794262044131756,0.011501838453114033,0.9705556035041809,negative
Aku udah pernah kesini sama ayang ğŸ˜,0.9792754650115967,0.014623451977968216,0.0061011118814349174,positive
udah bukak pagi ya kak sekarang..?ğŸ˜,0.0001670498022576794,0.0001339995942544192,0.9996989965438843,negative
Ini fav aku,0.9965565204620361,0.0006335745565593243,0.0028099864721298218,positive
Seger seger banget menu nya,0.9995105266571045,7.807144720572978e-05,0.00041139021050184965,positive
Ini kenyang bngt wlo sayur,0.9990096092224121,0.00018804903083946556,0.0008023317786864936,positive
Seger ijoo ğŸ’šğŸ’šğŸ’š,0.9991304278373718,0.0002345773100387305,0.0006350885960273445,positive
Yummy,0.9995859265327454,9.824429434956983e-05,0.00031588863930664957,positive
Ki ancen tob pol,0.00014870874292682856,0.0004400544858071953,0.9994112253189087,negative
Wenak ğŸ˜ğŸ˜,0.9996815919876099,6.576209125341848e-05,0.0002526372263673693,positive
Beneran enak sih ğŸ”¥ğŸ”¥,0.9996453523635864,7.731041841907427e-05,0.00027733013848774135,positive
Kesini yok ğŸ˜¢ @zilizi16,0.0001098951615858823,0.0002188423095503822,0.999671220779419,negative
Uenak nya,0.9995272159576416,7.984108378877863e-05,0.0003929582017008215,positive
Sehat teninnn cocok buat diet,0.9995927214622498,0.00013338320422917604,0.00027396975201554596,positive
Cocok nih ğŸ˜,0.9994655251502991,6.626747199334204e-05,0.0004682238504756242,positive
"Sdh Beberapa Kali ke Sana, Cmn Sayang'nya buka'nya Sore. Berharap Buka dr Siang ğŸ¤­",0.990764856338501,0.0055645788088440895,0.0036705194506794214,positive
"Menunya Enak2 dan semua freshğŸ«¶ğŸ», aku sudah pernah nyoba.. yang punya bocil ada playgroundnya jugaâ¤ï¸",0.9997009038925171,0.00016249943291768432,0.00013661813864018768,positive
Wah penasaran pol save dlu,0.00042425160063430667,0.0007556016207672656,0.9988201260566711,negative
spill harga2 kk,0.013539997860789299,0.9838400483131409,0.0026199640706181526,neutral
Enak semuanyağŸ¤¤,0.0873694121837616,0.0015039140125736594,0.9111267328262329,negative
The bestt...udh pernah nyobainâ¤ï¸,0.9996775388717651,0.00017905743152368814,0.0001434028527000919,positive
Salad nya best,0.9977474808692932,0.0009143528295680881,0.0013382375473156571,positive
Ngiler,0.0011015119962394238,0.00013478929759003222,0.9987636804580688,negative
Baguss banget tempatnyaaağŸ”¥,0.9998123049736023,6.0629819927271456e-05,0.00012711081944871694,positive
Enak ğŸ˜,0.022701093927025795,0.00028504300280474126,0.977013885974884,negative
Syahduu kak ğŸ˜ğŸƒ,0.999657392501831,0.00010502988152438775,0.0002375817857682705,positive
Kepoooooo deh,0.9982919096946716,0.0002811117155943066,0.0014269417151808739,positive
Ini enakkk bgt,0.9993979930877686,7.400140748359263e-05,0.0005279755569063127,positive
Ketok enak kiğŸ”¥ğŸ”¥,0.9996830224990845,8.176419942174107e-05,0.00023527626763097942,positive
"Pernah kesini, porsinya uakeh pol",0.9109567403793335,0.08213641494512558,0.0069068362936377525,positive
Baru tau ada resto salad,0.9937706589698792,0.0004942028899677098,0.005735043901950121,positive
Wahhh mantappppğŸ”¥ğŸ˜,0.9995892643928528,9.311491885455325e-05,0.00031771662179380655,positive
Endesss ini mah......rasa yg patut dicobaaa,0.9995149374008179,0.00016290113853756338,0.00032214983366429806,positive
"tanya dulu ya, misal viral terus ramai, jaminan kualitas rasanya sama ndk ya? yg sudah2 sih viral terus asal aja masaknya, jadi cm numpang lewat saja bukan menjadi langganan dikemudian hari",0.0005174478283151984,0.000268113479251042,0.9992144107818604,negative
Owner nya baik ğŸ˜Š,0.9972320199012756,0.0003954908752348274,0.002372440416365862,positive
"Sepertinya mak nyus, tapi sayang rame nya gak karuan ya ? mikir2 lagi berarti ğŸ˜…",0.0028000411111861467,0.00027632989804260433,0.9969236254692078,negative
50 meter dari rumah orang tuaku iniğŸ˜®,0.0009946669451892376,0.9983310103416443,0.0006742767291143537,neutral
Recommended ğŸ‘ğŸ‘,0.9996436834335327,7.865501538617536e-05,0.0002776102046482265,positive
Dimana bro lokasi nya gua tertarik ni,0.922332763671875,0.061141710728406906,0.01652558147907257,positive
Info kak @sutarto_dwis,0.0005251931142993271,0.9993512034416199,0.00012361280096229166,neutral
Mampir ke @bakmi_pakbagongbaturan .itu jg teras rumah di sulap jd warung bakmiğŸ”¥,0.0032798219472169876,0.9964218139648438,0.0002984150778502226,neutral
"Worth it bgt ini. Porsinya buat saya yg lagi pengen bulky, pas bgt porsinya. Nasinya ga terlalu byk, lebih banyak lauknya ketimbang nasinya. Harga sesuai bgtlah pokoknya. TOP!! @sebelasrasa",0.9996428489685059,0.00012086948845535517,0.00023633387172594666,positive
Ning ndesomu iki @tesalonika_marta,0.00028863910119980574,0.9962115287780762,0.003499937243759632,neutral
Suara,0.00837093684822321,0.0009508482180535793,0.9906781911849976,negative
Wajib cobaaaağŸ™Œ,0.999573290348053,8.572303340770304e-05,0.00034107911051250994,positive
Kok enakkk keliatannyaaaağŸ˜,0.9968984127044678,8.646974310977384e-05,0.003015101421624422,positive
Bikin ngiler makanannyağŸ˜,0.99314945936203,0.0006800880073569715,0.006170449312776327,positive
woww makanannya enak2 nih ğŸ˜,0.9997913241386414,6.753793422831222e-05,0.00014116187230683863,positive
enaaaak nihhğŸ˜,0.9974203109741211,0.0002270324621349573,0.0023526616860181093,positive
Mauu cobaaaağŸ¤¤ğŸ¤¤,0.999685525894165,8.161886944435537e-05,0.00023281450557988137,positive
Aaa salpok porsinyaa bisa buat sharing nihh,0.9970924854278564,0.0015215505845844746,0.0013859577011317015,positive
Jadii pengenn cobaaağŸ˜,0.9809881448745728,0.0002885536814574152,0.018723372370004654,positive
ManttaaapppğŸ˜,0.9997040629386902,7.994313637027517e-05,0.00021597044542431831,positive
mau saladnyaa ğŸ¤¤ğŸ¤¤,0.9983053207397461,0.0006693421746604145,0.0010253791697323322,positive
Porsinya byk bgt ini,0.3770417273044586,0.0010209702886641026,0.6219373941421509,negative
"Effort kesini, harganya terjangkau, enak dan porsinya banyakk",0.9997861981391907,0.00010301424481440336,0.00011082380660809577,positive
Enak niiii,0.00071561528602615,7.901018398115411e-05,0.9992054104804993,negative
Menggoda lidah,0.0011934605427086353,0.00025727550382725894,0.9985492825508118,negative
Salad nya keliahan fresh polğŸ˜,0.9988357424736023,0.00025352599914185703,0.0009107355726882815,positive
Bar2 amat porsinya ğŸ¤¤,0.9994117021560669,0.00013941603538114578,0.00044885900570079684,positive
Hidden gems ya ini,0.912629246711731,0.001956825377419591,0.0854138731956482,positive
Minjem sepeda listriknya,0.0002996943367179483,0.0020799944177269936,0.9976202845573425,negative
Wahhh recomend nihhh,0.999235987663269,0.0001259806886082515,0.0006380388513207436,positive
Endul keknyaa,0.0007061398355290294,0.9988695979118347,0.0004242145805619657,neutral
Endulll,0.9961431622505188,0.001064112177118659,0.0027927292976528406,positive
ğŸ˜ğŸ˜ğŸ˜pengenn,0.9997233748435974,6.863033922854811e-05,0.00020801376376766711,positive
Serius ini sehat dan enak,0.9997257590293884,6.971121183596551e-05,0.00020453945035114884,positive
penasarann,0.9611817598342896,0.0008322805515490472,0.0379859022796154,positive
Mantul iniiiğŸ¤¤,0.21471267938613892,0.011091334745287895,0.7741959095001221,negative
Aahhh penasaran mau cobak ğŸ˜,0.0006800542469136417,0.0003094460698775947,0.999010443687439,negative
Mauuu jugaaak,0.9982293248176575,0.00021820054098498076,0.0015524489572271705,positive
aaa ini enak bgtt,0.9994376301765442,6.824872980359942e-05,0.0004941404331475496,positive
Enakkk ni,0.0011057922383770347,8.033657650230452e-05,0.9988138675689697,negative
aduhh mau bangett,0.0032185937743633986,0.00013480510096997023,0.9966465830802917,negative
masok nii,0.0008426383719779551,0.00023182647419162095,0.998925507068634,negative
aaa mauu cobaaaaa,0.9988341927528381,0.00012866199540439993,0.0010371117386966944,positive
wiii mauğŸ˜,0.13822166621685028,0.615269124507904,0.24650920927524567,neutral
otwww,0.012676697224378586,0.0004409384564496577,0.9868823885917664,negative
Menarik menarikkkğŸ˜,0.9997066855430603,6.573527934961021e-05,0.00022745286696590483,positive
Yaampun ngilerr,0.004748627543449402,0.00017806419054977596,0.9950732588768005,negative
NgilerrrğŸ”¥,0.042874377220869064,0.0005565361934714019,0.9565691351890564,negative
"Baru sekali kesini langsung jatuh cinta, nagih. Vibes nya itu lho, bikin betah makan bareng keluarga.",0.9987552165985107,0.00013964598474558443,0.0011051275068894029,positive
EH ADA SAYANYAğŸ˜‚,0.017012471333146095,0.011270526796579361,0.9717169404029846,negative
Ada aku sm keluarga kak min.. Udah 2x dan nagih deket lagi,0.8925653696060181,0.029200365766882896,0.0782342329621315,positive
Mantab ğŸ”¥,0.9992289543151855,0.000158729511895217,0.0006122075137682259,positive
ğŸ˜ğŸ˜,0.9994452595710754,9.736495121615008e-05,0.00045736992615275085,positive
Mantab ğŸ‘,0.9996871948242188,7.609911699546501e-05,0.00023673122632317245,positive
Recomended bgtğŸ‘,0.9989287257194519,0.00010541756637394428,0.0009658426861278713,positive
Menunya siiipp.... Sayangnya cuma buka dr sore. Ditunggu bisa buka dr pagi ğŸ˜ğŸ˜,0.07581577450037003,0.1658000648021698,0.758384108543396,negative
Kemaren sudah cek tutupğŸ˜¢,0.000539656262844801,0.9228082895278931,0.07665194571018219,neutral
Syenggg @fotografer.solo.jogja,0.013508276082575321,0.9808996915817261,0.0055921063758432865,neutral
Ayo @na_isnana coba lagi,0.978236973285675,0.007155377883464098,0.014607680030167103,positive
â¤ï¸â¤ï¸â¤ï¸,0.9989965558052063,0.00030594077543355525,0.0006975599681027234,positive
Pingin ğŸ« ,0.6306802034378052,0.002003670437261462,0.3673160970211029,positive
Ngeneki ra sih @prdstagrn @ppink_96,0.004843154922127724,0.02276572957634926,0.9723911285400391,negative
Asikkkkkkkkk â¤ï¸ğŸ˜,0.9996421337127686,8.444097329629585e-05,0.0002734158479142934,positive
pengen kesini blom jadiÂ² ahhh,0.0004478671180550009,8.154134411597624e-05,0.9994706511497498,negative
kayanyaaa enak bgttğŸ˜ğŸ˜,0.9997748732566833,6.305675196927041e-05,0.0001620477851247415,positive
at least kalo aku solo ajakin ke sana sii,0.5653823018074036,0.36109021306037903,0.07352753728628159,positive
Aaahhhh ngilerrr,0.9864592552185059,0.0004606740258168429,0.013080100528895855,positive
ih mendadak laper,0.0010048297699540854,9.81367047643289e-05,0.9988969564437866,negative
Berasa makan d rumahğŸ˜‚,0.9987818598747253,0.000726608035620302,0.000491479760967195,positive
Skrg ada playground ya min,0.01111396960914135,0.9882500171661377,0.0006360687548294663,neutral
Yo sip ... Suk mrunu,0.0004255000385455787,0.0012609392870217562,0.9983135461807251,negative
Kerudung biru is that youu @melleniaarta,0.004451253451406956,0.995126485824585,0.00042221962939947844,neutral
Yg ni dmn er?,0.00025666228611953557,0.00017004382971208543,0.999573290348053,negative
#surakarta #solo #karanganyar #sragen #boyolali #wonogiri #klaten #sukoharjo #soloraya #kulinersolo #solokuliner #kulinersoloraya #visitsolo #wisatasolo #infokulinersolo #jajanansolo #jelajahsolo #agendasolo #exploresolo #kotasolo,0.998920202255249,0.0004689452180173248,0.0006108293891884387,positive
Enakkkk..... Aku bawa keluargaku ke sana pas puasa kemarin. Pada suka. ğŸ˜ Ada tempat main anak-anak juga. Ponakanku nggak bosan jadinya,0.9996241331100464,9.969944221666083e-05,0.0002761003270279616,positive
Memang enak makanan.nya ğŸ™Œ homy tempat.nyağŸ™Œ,0.9997907280921936,7.270447531482205e-05,0.00013660539116244763,positive
Slice salad is de best ...worth bgt.ğŸ”¥ğŸ”¥,0.9997043013572693,0.00014715665020048618,0.0001485091052018106,positive
ğŸ˜,0.9993459582328796,0.00010328478674637154,0.0005507358582690358,positive
Selain enak porsinya jg pas ğŸ‘,0.9997653365135193,7.714219100307673e-05,0.00015757911023683846,positive
Tempat makan recommended 5 menit dr rmh..enak & tempatnya nyaman,0.9998356103897095,6.453391688410193e-05,9.99132971628569e-05,positive
"Pernah Ke Sana, Rekomended Enak Kbeh Menu'ne ğŸ‘ŒğŸ‘ŒğŸ‘Œ",0.9996838569641113,0.0001457108010072261,0.00017039365775417536,positive
Dimana ini min,0.008863904513418674,0.22902654111385345,0.7621095180511475,negative
Alamat gk ada,0.9605090618133545,0.008930628187954426,0.03056025318801403,positive
â¤ï¸ dapet kaka aku akan lebih baik lagiğŸ¥°,0.9992074370384216,0.00018069458019454032,0.0006119442405179143,positive
Ayok ini yg di cari @yahyaadityarasya,0.0002960589772555977,0.0001973664475372061,0.9995065927505493,negative
Ngilerrr banget ini enak semua ğŸ˜,0.9786059260368347,0.0003851138171739876,0.021008949726819992,positive
Pingin tapi harus ke solo ğŸ˜›,0.0008829866419546306,0.00028051077970303595,0.9988365769386292,negative
Apa iya,0.0013902428327128291,0.0003398220578674227,0.9982699155807495,negative
Wah kita jadi tetangga desa ki mas saikiğŸ˜‚,0.4177781641483307,0.46766436100006104,0.11455740034580231,neutral
ahhh teriakkk buat solooo pengen kesana buat kulineran ğŸ˜,0.006233310792595148,0.00037019915180280805,0.993396520614624,negative
Bikin ngiler ih,0.7272728681564331,0.0014745803782716393,0.2712525725364685,positive
Bikin laper nih,0.0005231129471212626,0.00013888729154132307,0.9993379712104797,negative
Keren banget halaman rumah di sulap jdi resto ğŸ˜,0.9993811845779419,0.0002577569102868438,0.0003610053681768477,positive
Mau coba jugaa nihhğŸ˜kesana bareng keluarga,0.9991899132728577,0.0002288088871864602,0.0005812910385429859,positive
Duh mau kesanaağŸ™Œ,0.9917623996734619,0.00030726013937965035,0.007930286228656769,positive
Enak banget lengkapğŸ˜,0.9893653392791748,0.0003191304858773947,0.01031548622995615,positive
Aaaa mau bangettt,0.8558244109153748,0.000788145640399307,0.14338742196559906,positive
Wenak-enak pol menunya ya kakğŸ˜,0.9996510744094849,0.00010155384370591491,0.0002473600616212934,positive
Sumpah sehat sehat banget ini makanannya,0.999160885810852,0.0001032858417602256,0.0007358434959314764,positive
Ngiler banget makannnyağŸ˜,0.006412239279597998,0.00018679634376894683,0.9934009909629822,negative
Semuanya enak2 yah bikin ngilerr,0.9994627833366394,0.00013505254173651338,0.00040216551860794425,positive
Mau bgt ahh bikin ngilerrğŸ˜,0.9992953538894653,0.00011735014413716272,0.0005872635520063341,positive
Wah kalap aku liat enak,0.9948004484176636,0.0007456197636201978,0.004453925881534815,positive
Aduh ngilerr bngetttğŸ˜,0.07938650250434875,0.0009228872368112206,0.9196905493736267,negative
wajib mampir kesini ini sih ğŸ˜,0.0014109502080827951,0.0001424484798917547,0.9984466433525085,negative
aa ngiler bgttt makanannyaağŸ˜,0.7429019212722778,0.0011383728124201298,0.255959689617157,positive
ğŸ˜ğŸ˜enak banget nih,0.9997357726097107,6.970333197386935e-05,0.00019454526773188263,positive
kalo ke solo harus mampir sini sihhğŸ˜,0.9994696974754333,0.00013140386727172881,0.00039895603549666703,positive
Wah masuk list kalo ke solo,0.9563331007957458,0.029829073697328568,0.013837823644280434,positive
Enak bgt semua menu2 ini ğŸ˜ğŸ™Œ,0.17817239463329315,0.0007697175024077296,0.8210578560829163,negative
salad nyo banyak anet,0.0002715146983973682,0.00015442522999364883,0.9995740056037903,negative
mau kesolo bgttğŸ˜,0.0007515840698033571,0.00011783731315517798,0.9991305470466614,negative
Menunyaaa menggoda bgtttğŸ˜,0.9967834949493408,0.00018426307360641658,0.0030321767553687096,positive
duhhh beb bikin ngiler ihğŸ˜¢,0.3615175485610962,0.00342633412219584,0.6350560784339905,negative
Yaampun mau ke solo makkkğŸ˜,0.9965409636497498,0.0001754342665662989,0.0032835130114108324,positive
Jdi ngiler ihğŸ˜¢,0.0054688891395926476,0.0006549502722918987,0.9938761591911316,negative
Wiii mau bgtâ¤,0.996819257736206,0.0002969290071632713,0.0028838226571679115,positive
Maw maw maww ğŸ˜ğŸ˜ğŸ˜,0.99919193983078,0.00016122256056405604,0.0006467705825343728,positive
enak nih yağŸ˜,0.998791515827179,0.00023906283604446799,0.0009694157633930445,positive
Wahh mau bgt â¤ï¸,0.9995217323303223,7.956814079079777e-05,0.00039864095742814243,positive
Saved dulu yhaa ini,0.0014810534194111824,0.0015512597747147083,0.9969677329063416,negative
Lagi laper jadi ngiler momğŸ˜‚,0.1146540492773056,0.00467062508687377,0.8806753754615784,negative
Aaaa mau bgt â¤,0.9990214109420776,0.00013656591181643307,0.0008420384838245809,positive
Sambel mata ny ena bgt,0.9991288781166077,0.00023431087902281433,0.0006368355243466794,positive
"Wih salad nya menggodağŸ˜ğŸ˜ ,tp kejauahan atuhh,ntr mau coba bikin ahğŸ˜",0.9993581175804138,0.0001447744871256873,0.0004970829468220472,positive
Wahh ini enak n sehat,0.9997181296348572,8.174039976438507e-05,0.0002001035463763401,positive
Semuanya bikin ngilerrr ğŸ˜¢,0.5770083069801331,0.0023166718892753124,0.42067500948905945,positive
Duhhh jadi ngileeerr nihğŸ¤¤ğŸ¤¤ğŸ¤¤,0.9395566582679749,0.000707239203620702,0.05973615124821663,positive
Mau banget kak,0.9995094537734985,9.49424211285077e-05,0.00039561421726830304,positive
Sambel matahnya behhh menggoda bgt,0.9438832998275757,0.0010007210075855255,0.05511599779129028,positive
Wahh jd ngilerr nglihat menunyaağŸ˜,0.9987478256225586,0.00034342941944487393,0.0009086259524337947,positive
Bikin ngilerr pol ini mahğŸ˜ğŸ”¥,0.014991476200520992,0.000540246139280498,0.9844682812690735,negative
Wah ini klo kesini aku bs pesen semua nihğŸ˜,0.9874274730682373,0.00257084215991199,0.010001693852245808,positive
Ngiler bgt pengen ğŸ˜­,0.0009768875315785408,0.0001131036042352207,0.9989100694656372,negative
Sumpehh ngiler banget liat nyağŸ˜ğŸ¤¤,0.9790719151496887,0.0011475813807919621,0.019780563190579414,positive
Saladnya menggoda bgtğŸ˜,0.7493587136268616,0.0016537256306037307,0.24898761510849,positive
Aa ngiler bangettt toloongğŸ˜,0.9895716905593872,0.00038117452641017735,0.010047138668596745,positive
Enak semua ini sihğŸ˜,0.0009884661994874477,8.162705489667132e-05,0.9989299178123474,negative
Menunya nampol banget sih iniğŸ˜,0.0011480965185910463,9.319259697804227e-05,0.9987586736679077,negative
Salad nya menggoda bngtğŸ˜,0.9931185245513916,0.0007107261335477233,0.006170765962451696,positive
Pengen saladnyaa keliatan seger enak bgt dimakan,0.9996837377548218,0.00010017068416345865,0.0002161129523301497,positive
otw coba jg siğŸ˜,0.011136414483189583,0.9281408786773682,0.06072262302041054,neutral
Mgilerrr gak kuat mau beli langsungğŸ˜,0.00023688276996836066,9.203044464811683e-05,0.9996711015701294,negative
Nyaman poll sih iniğŸ˜,0.9818159341812134,0.0012585580116137862,0.01692555472254753,positive
Jadi ngiler sama makanannyağŸ˜,0.9995239973068237,0.00011531019845278934,0.00036068251938559115,positive
Nanti kalo ke solo mau mampir ğŸ˜,0.4957486093044281,0.43600648641586304,0.0682448223233223,positive
Kak ini kenapa enak enak semua yaa ğŸ¤¤,0.9992924928665161,0.00010878480679821223,0.0005987078184261918,positive
Boleh dicoba ni enak yahhğŸ’•,0.9995602965354919,0.00016865978250280023,0.0002711114939302206,positive
Savee biar cobain kalo ke soloğŸ©·ğŸ©·ğŸ©·,0.3057393431663513,0.6931180953979492,0.0011425912380218506,neutral
Huaaa jd laper aku liat video ini wkwkw,0.00039851487963460386,0.00010843620111700147,0.9994930028915405,negative
Healthy bgt jd ga feeling guilty ğŸ˜,0.0017035140190273523,0.0001611123007023707,0.9981353282928467,negative
Waaa andai ada di balikpapan ğŸ˜,0.9983482360839844,0.0003023673198185861,0.0013494110899046063,positive
Lngkap bngtt menunyaa ya,0.04369804263114929,0.9438894391059875,0.012412446551024914,neutral
Ada cabang di Tangerang gk kak?,0.0005880181561224163,0.9958937168121338,0.003518281038850546,neutral
kalo ke solo wajib si visit mampir sni ğŸ˜,0.43055638670921326,0.5683656930923462,0.001077898545190692,neutral
Save ah .. nanti ke solo mampir melipir ğŸ˜,0.9952226281166077,0.0020309491083025932,0.0027463871520012617,positive
"Ngilerrrrr, klo main kesana harus mampir deh kayanya iniii",0.025113506242632866,0.001148455310612917,0.9737380146980286,negative
nyaman banget sih tempat nya kayak di rumah sendiri,0.9993941783905029,0.00016430947289336473,0.0004414780414663255,positive
Wah banyak banget macam makanannyağŸ˜,0.9997231364250183,8.071765478234738e-05,0.0001961241796379909,positive
Wah.. Lezat semua it mom.. Mau icip de,0.9996577501296997,9.666641562944278e-05,0.0002456545189488679,positive
Aduh jadi ngiler mom ğŸ˜ğŸ˜ğŸ˜,0.938767671585083,0.00247597205452621,0.05875640735030174,positive
Makan enak plus sehatğŸ˜,0.9997888207435608,6.035137994331308e-05,0.00015083565085660666,positive
Menunya enak semua kak bikin ngiker,0.9996658563613892,9.22614271985367e-05,0.00024193493300117552,positive
Ngiler bgt liat ayam sambal matahnyağŸ˜,0.0005526171298697591,0.00013738716370426118,0.9993100166320801,negative
Bukan tempat untuk diet ya ini,0.00021667970577254891,0.00010797043069032952,0.9996753931045532,negative
Auto kalap ya kak liat menunya bnyak dan pasti enak,0.9996891021728516,0.00012068018986610696,0.0001901845826068893,positive
Wah enak bgt inii jd ngilerrrğŸ˜,0.9996668100357056,6.161276542115957e-05,0.00027153705013915896,positive
Kalau aku ke Solo wajib ke sini siih ğŸ˜,0.9818627238273621,0.00037195737240836024,0.01776525378227234,positive
Duh enak.enak banget ğŸ¤¤,0.9996066689491272,5.938325557508506e-05,0.000334027165081352,positive
makanannya enak enak bgtğŸ˜,0.9996942281723022,9.39689198276028e-05,0.00021181898773647845,positive
Wajib ke sini pas lewat soloğŸ˜,0.999344527721405,0.0001382388436468318,0.0005172694800421596,positive
Ntar mampir ah kalo ke solo ğŸ˜,0.9912705421447754,0.0016159538645297289,0.0071135032922029495,positive
ngileeeeer. pengen banget kesini,0.7967774271965027,0.0010626681614667177,0.20215988159179688,positive
Bikin giler mihğŸ˜¢,0.0008676077704876661,9.659181523602456e-05,0.9990358352661133,negative
Duhhh save dlu ah,0.0033283252269029617,0.00039307906990870833,0.9962785840034485,negative
Wahh banyak banget menu nya ya,0.9986962676048279,0.000281377142528072,0.0010223868303000927,positive
Duh ngiler banget deh beb,0.9965408444404602,0.0002555237151682377,0.0032035813201218843,positive
wah pas banget mau liburan ke soloğŸ˜,0.9997321963310242,7.885855302447453e-05,0.00018888410704676062,positive
Enak enak banget inii,0.997603714466095,0.00017632149683777243,0.0022199107334017754,positive
penasaran bgd sama rasanya,0.9988829493522644,0.00021270435536280274,0.0009043370955623686,positive
Wah klo pulkan wajib kesini akuğŸ˜,0.9930568933486938,0.0006347658345475793,0.006308359559625387,positive
"Wahhh ngiler, klo ke solo mau coba ini ğŸ˜",0.9734372496604919,0.0021004488226026297,0.024462319910526276,positive
Ngileeer tp jauh kaliğŸ˜¢,0.012858942151069641,0.0007498677587136626,0.9863911867141724,negative
Wah lengkap banget; klo ke solo kudu ke sini â¤,0.9996242523193359,8.975805394584313e-05,0.0002859728701878339,positive
Ngeliat ini jd kangen solo,0.9951254725456238,0.001798065728507936,0.0030764490365982056,positive
lengkap banget ya kak varian saladnyağŸ˜,0.9997598528862,7.689945050515234e-05,0.00016321805014740676,positive
â¤ï¸cek dm kak,0.0002831334713846445,0.9995477795600891,0.0001690306089585647,neutral
Enakk ini Mimin mauh,0.0003291732573416084,9.191143908537924e-05,0.9995788931846619,negative
Ngiler bgt ihhhğŸ˜ğŸ”¥,0.14238546788692474,0.0005931210471317172,0.8570214509963989,negative
Kak @hannaqueen46 pengin iki,0.001464333850890398,0.9982495903968811,0.00028612371534109116,neutral
Jauh gak sih dari stasiun Solo balapan ka mau kalau kesini ğŸ˜,0.7897909283638,0.002476031892001629,0.20773297548294067,positive
jadii pengenn ğŸ”¥,0.032358795404434204,0.002996893599629402,0.9646443724632263,negative
Mau dong ğŸ˜,0.3350878357887268,0.000905308872461319,0.6640068888664246,negative
Puas bgt makan ksini ya ğŸ˜,0.9992431402206421,0.000131963737658225,0.0006248701247386634,positive
Nnti kapan2 makan ini mau,0.0005038946983404458,0.000848778523504734,0.9986473917961121,negative
Udah sampe solo ajaa nih mama Hana ğŸ˜,0.003851792309433222,0.0013717710971832275,0.9947763681411743,negative
"Luas juga tempatnya,bersih",0.9954928159713745,0.0005457782535813749,0.003961409442126751,positive
kece banget nihh weii,0.00037525102379731834,7.393272244371474e-05,0.9995507597923279,negative
Nyaman banget ya cafenya,0.9997122883796692,9.822982974583283e-05,0.00018953786639031023,positive
Waa nyaman bgt ni cafe nyaaa,0.9996801614761353,6.938264414202422e-05,0.0002505331940483302,positive
Kaya dirumah vibeny,0.865588366985321,0.12495177239179611,0.009459947235882282,positive
harga menunyaa murce ga nih beb? ğŸ˜,0.011616451665759087,0.0071744658052921295,0.9812090992927551,negative
Waah save dulu ah,0.01851547136902809,0.7584027051925659,0.2230817824602127,neutral
Bagus cafenya,0.999693751335144,0.0001334450498688966,0.00017285945068579167,positive
Andalan banget ini kakğŸ˜,0.0037093618884682655,0.0001343505282420665,0.9961562752723694,negative
nyaman banget buat nongki ğŸ˜,0.9981374740600586,0.0004277122498024255,0.0014347403775900602,positive
Jadi betah nongki disitu,0.9993496537208557,0.00014196307165548205,0.0005083708674646914,positive
Spill harga kak,0.01792016252875328,0.9616060853004456,0.0204737838357687,neutral
"Pas liat lokasi nya ""solo"" nangis bgtt ternyata jauh bgt, kesitu hrs sambil nginep wkwk",0.012269068509340286,0.00040079548489302397,0.9873301982879639,negative
Nyaman banget tempatnya ğŸ˜,0.9995530247688293,8.408413850702345e-05,0.0003628403355833143,positive
".
.
.

#Day1ë‚®324
#Ğ¼Î±ÑÑ”Ñ‚pÄ“àº–à¸™hÆˆÊŠÇŸÕ¼",0.5526195168495178,0.4405798017978668,0.00680072046816349,positive
Pindah ke kalsel gih restonyağŸ˜¢,0.9997294545173645,6.719178782077506e-05,0.00020337103342171758,positive
".
.
.
.
.
.
.
#ğ•ƒğ•šğ•˜ğ•™ğ•¥ğ•¤ğ•†ğ•¦ğ•¥ì¥ğ•ğ• ğ•§ğ•šğ•–ë ˆğ•’ğ•©ğ•
#hellomarchbekindyz",0.9993952512741089,0.0001774519623722881,0.0004273829981684685,positive
Save dulu sih ini,0.0019515902968123555,0.10503796488046646,0.8930104374885559,negative
Menunya bikin laper bangetğŸ”¥,0.03255179896950722,0.00045544328168034554,0.9669927358627319,negative
Save dulu ah ğŸ˜,0.6728382110595703,0.19489093124866486,0.13227085769176483,positive
Aaa sayang banget jauh Dari tempat ku ğŸ˜¢,0.9985663294792175,0.00021727690182160586,0.0012164562940597534,positive
Tmptnya nyaman yah kakğŸ™ŒğŸ»,0.9997445940971375,9.486590715823695e-05,0.00016050715930759907,positive
Wahhh asli homeyy bgt,0.9973489046096802,0.0001973189937416464,0.0024536943528801203,positive
Huwa jadi mau kesini,0.06676582992076874,0.03066125698387623,0.9025728702545166,negative
wah baru tauu malahğŸ˜,0.09070352464914322,0.0015431707724928856,0.9077532887458801,negative
Asli homey bgt niâ¤,0.0038778469897806644,0.00031971666612662375,0.9958024621009827,negative
Enak bgt ni kalo bawa bocil,0.00026244635228067636,0.00018333540356252342,0.9995542168617249,negative
Jadi pengen ke sana ğŸ˜,0.9989927411079407,0.00014462911349255592,0.0008627395727671683,positive
sekilas dr luar biasa aja tp cakep juga niğŸ˜,0.9996763467788696,0.00011764727969421074,0.00020610145293176174,positive
Nyaman bgt ya,0.9994090795516968,0.00011219984298804775,0.00047869488480500877,positive
Homey banget iniğŸ˜,0.06824759393930435,0.0003838924749288708,0.9313685297966003,negative
Wah mau main ke Solo ğŸ˜,0.9983394145965576,0.0001905619283206761,0.001469982205890119,positive
Bisa buat foto2 nih ğŸ˜,0.40341606736183167,0.5894128680229187,0.007171084638684988,neutral
Penasan ni mau kesini belim kesampean,0.0015787887386977673,0.04446454346179962,0.9539566040039062,negative
semua makanannya menggoda euy,0.9997507929801941,8.022611291380599e-05,0.00016904622316360474,positive
Mau juga dong cobain kesini,0.7874652147293091,0.102327361702919,0.11020739376544952,positive
next kalo ke solo kesini,0.8034036755561829,0.020632876083254814,0.17596344649791718,positive
enak buat nongki yağŸ˜,0.9994656443595886,0.00018643807561602443,0.0003479337028693408,positive
akuuu solo jugaaa tp baru tau lohhh ada tempat ini,0.9741910099983215,0.0035504079423844814,0.02225857973098755,positive
cozy bgt jd mager plgğŸ˜,0.999733030796051,7.664019358344376e-05,0.00019036898447666317,positive
aaaa murce2 yahğŸ˜,0.9995619654655457,8.669721137266606e-05,0.0003512862022034824,positive
Hommyy bgt ya kak ğŸ˜,0.9987035989761353,0.00018767239816952497,0.0011087030870839953,positive
Kalo ke solo aku mau kesini ah,0.9623705744743347,0.01044149324297905,0.027187934145331383,positive
Save dulu ah ini,0.010343519039452076,0.4614503085613251,0.5282062292098999,negative
Waahh boleh lah dicoba ğŸ˜,0.9990677237510681,0.0002506922173779458,0.0006816220702603459,positive
Homey banget tempat nya ğŸ˜,0.011591225862503052,0.0003048582002520561,0.9881039261817932,negative
Saladnya enaak,0.0002520470297895372,0.003979526925832033,0.9957684278488159,negative
Menarik sebagai pecinta salad aku mesti mampir nihğŸ˜,0.9996449947357178,0.0001483329979237169,0.00020658614812418818,positive
Waahh menarik nih ğŸ˜,0.9996168613433838,8.72373566380702e-05,0.000295896315947175,positive
Pengen bgt mampir,0.9996039271354675,0.00010778022260637954,0.00028833773103542626,positive
Kyknya aku yg gasuka salad bakal suka sihğŸ˜,0.9997007846832275,0.00010632770135998726,0.00019296104437671602,positive
ğŸ˜ğŸ˜Banyak bgt varian menu saladnya,0.9997856020927429,7.217272650450468e-05,0.00014216838462743908,positive
Definisi makan salad yg nikmat dan nyaman ini ğŸ˜â¤,0.9993135929107666,0.0003102699702139944,0.00037607760168612003,positive
Baru kali ini penasaran sm makanan sehatğŸ˜†,0.4742778539657593,0.01253355573862791,0.5131885409355164,negative
"sukaaa bgt salad, ngiler deh liatnyağŸ˜",0.9995014667510986,9.920022421283647e-05,0.000399307842599228,positive
Enak nih kakğŸ˜ğŸ˜soon mau cobain,0.9996064305305481,8.173953392542899e-05,0.00031187021522782743,positive
Next list kalo main kesanağŸ˜,0.9350014925003052,0.051884010434150696,0.013114470057189465,positive
Haduu yg sehat2 tp enak begini menggoda ğŸ˜,0.9984133243560791,0.00021971638489048928,0.0013669850304722786,positive
Enak nih nyummy ğŸ¤¤ğŸ‘Œ,0.7866958379745483,0.002020925981923938,0.21128320693969727,positive
NgilerrrğŸ˜«,0.001213492825627327,0.0001292608503717929,0.9986572265625,negative
Weeehh dimana ini dev?,0.0003995737060904503,0.00015237841580528766,0.9994480013847351,negative
Enak bnget ğŸ¤©,0.19029130041599274,0.0013182346010580659,0.8083904385566711,negative
Aku ga suka sayurann tp pen cobain ğŸ˜¢,0.005383651703596115,0.0008829562575556338,0.9937333464622498,negative
mam sehat ğŸ˜,0.9996681213378906,0.00010341497545596212,0.00022843685292173177,positive
So look yummy ğŸ˜ğŸ˜,0.9989455342292786,0.00014519109390676022,0.0009092696127481759,positive
Enak nihhhğŸ”¥,0.941062867641449,0.0004442775680217892,0.058492932468652725,positive
Enak2 banget keliatannyağŸ˜,0.000788747041951865,6.828510959167033e-05,0.9991430044174194,negative
ğŸ¤©ğŸ¤©ğŸ¤©ğŸ™Œ,0.9996345043182373,0.00011446380813140422,0.0002509741752874106,positive
"Menunya komplit, pelayanan cepat & ramahâ€ ğŸ‘",0.9996565580368042,0.00013529298303183168,0.00020820644567720592,positive
Menunya variatif dan banyak pilihan salad sayurnya fresh juga... Kemarin saya makan bebek gorengnya gak alot sama sekali karena proses diungkepğŸ‘,0.9997758269309998,9.023232269100845e-05,0.00013396248687058687,positive
Enak kayake ini min,0.00019347075431142002,6.935127021279186e-05,0.9997372031211853,negative
Enak.......11/10,0.00019591963791754097,0.00011921766417799518,0.9996849298477173,negative
Dressing saladnya endull....bebeknya juga juicy...,0.9997164607048035,8.068340684985742e-05,0.00020287481311243027,positive
Dekettt rumah tp blm pernah ksanaaa...puengen eram,0.009888706728816032,0.8078940510749817,0.1822173148393631,neutral
Bisa Qris/debit gak kak?,0.0018827508902177215,0.7978747487068176,0.20024238526821136,neutral
enaakkkkkkk,0.007864447310566902,0.000203157018404454,0.9919324517250061,negative
maaauuuuuu,0.9994340538978577,0.00012924056500196457,0.00043665512930601835,positive
Karo kelurahan kudu itu kmn ya miin infonya doong miin,0.0008860130328685045,0.9946221113204956,0.0044918367639184,neutral
"Fav ku, melon yakult..",0.8159224987030029,0.12646953761577606,0.05760795995593071,positive
5 menit,0.6129361391067505,0.031988274306058884,0.35507553815841675,positive
Bunda @nieke.ratriana cedak omah yo?ğŸ˜ğŸ˜,0.9971952438354492,0.0006520385504700243,0.0021527556236833334,positive
mas @cahyo_t_haryono solo mampir mrene,0.000352323375409469,0.9994097948074341,0.00023796346795279533,neutral
Oseng telurnya ngga ramah..,0.0003788984613493085,0.00021486837067641318,0.9994062185287476,negative
Sedesa tp ko ndak tau yaa ğŸ˜¢ @banyutrimulyo,0.00015286492998711765,0.0008560601272620261,0.998991072177887,negative
Nginep solo trs mampir sini ya yang @91_aha,0.001379235414788127,0.9978070855140686,0.0008136903634294868,neutral
Info kuliner d deket rs moewardi dong,0.11066299676895142,0.8884738087654114,0.0008631522650830448,neutral
Deket rmhmu ini @ngbintang @cokbone,0.00033435854129493237,0.9994825124740601,0.00018311799794901162,neutral
Ki ngendi @shinta_yudith,0.0077940961346030235,0.010045032948255539,0.9821609258651733,negative
Enakk kayak nya,0.00032683651079423726,6.971265247557312e-05,0.9996034502983093,negative
Rasanya worthit sm blusukannya kah?,0.0007560516824014485,0.0001276324037462473,0.9991163611412048,negative
Jos nan kiğŸ‘ğŸ‘,0.999617338180542,0.00010219843534287065,0.00028037524316459894,positive
Rene yoh sep @septya.chiwa,0.0004737525014206767,0.9969768524169922,0.0025494664441794157,neutral
Adoh karo gonmu ora mbo @him_mawan ?,0.001297650160267949,0.9913731217384338,0.007329203188419342,neutral
Rice bowl e mangkok e lunyuuuğŸ¤£ğŸ¤¦,0.6630018949508667,0.33163681626319885,0.005361303687095642,positive
Saladnya mantep...tp bawa dressing/kewpie sendiri aja,0.13283878564834595,0.6962682604789734,0.1708928942680359,neutral
Share untuk kisaran harga menu min @solodelicious,0.00037575571332126856,0.9995253086090088,9.891416993923485e-05,neutral
"Liat slide 4 aku lgsg deg ingat rmh alm mm kuğŸ¥º sm persis teras ny gini, tiang/pilar ny jg model gini",0.004455951042473316,0.02103821374475956,0.9745059013366699,negative
1mnt dr rmh wkk,0.001339551410637796,0.9948509335517883,0.003809540066868067,neutral
Saladnya enak,0.6184608936309814,0.0024090136867016554,0.3791300654411316,positive
apa harus malam itu min,0.002261083573102951,0.04593793675303459,0.951801061630249,negative
spil harga,0.12721022963523865,0.7257733345031738,0.14701645076274872,neutral
Lancar2 yo pak @widyoagung ... Ayoo kapan pak @abudonly,0.004799061454832554,0.9317101836204529,0.06349074095487595,neutral
Ayam gorengnya ğŸ˜‹,0.9994423985481262,0.0001045300014084205,0.00045305670937523246,positive
Sama2 kak,0.9985679388046265,0.00018380438268650323,0.001248219865374267,positive
Terima kasih atas kedatangan dan videonya mas ğŸ™ğŸ™,0.6468926072120667,0.35088086128234863,0.002226525219157338,positive
Alamat jelasnya mana nggih min?,0.00023401713406201452,0.0003639078640844673,0.9994020462036133,negative
Sering kesana tapi yg terakhir kok porsinya di kurangi jadi dikit banget menurutku dengan harga 30 RB jadi mahal,0.01887841895222664,0.0016797176795080304,0.9794418811798096,negative
Cedak omahmu ki @tesalonika_marta,0.0012245510006323457,0.0006395383970811963,0.9981359243392944,negative
ğŸ¥¬ğŸ¥•ğŸ¥—ğŸŒ®,0.9989301562309265,0.0002624516491778195,0.0008074167417362332,positive
"Sering beli, porsi saladnya jumbo ğŸ˜‚",0.9992104768753052,0.00039466674206778407,0.0003948521625716239,positive
Emang enak saladnya ğŸ˜,0.9996398687362671,5.7878438383340836e-05,0.0003021910961251706,positive
Saus mayonya di salad menurutku kurang banyak sih,0.9892739653587341,0.006436045281589031,0.004289943724870682,positive
"Bukanya sore ya,, kog ga dari siang",0.0004373182309791446,0.053061988204717636,0.9465007185935974,negative
Kayakx asyik juga tempat n menux ğŸ‘,0.9997932314872742,9.196166502078995e-05,0.00011477189400466159,positive
Resto na wali murid ğŸ˜enak banyak murah,0.999785840511322,6.945002678548917e-05,0.00014470999303739518,positive
top,0.996084451675415,0.0006410739151760936,0.003274432150647044,positive
Mantap,0.9997598528862,8.230688399635255e-05,0.00015783302660565823,positive
ğŸ˜ğŸ˜ğŸ˜,0.9995299577713013,9.463096648687497e-05,0.00037542954669333994,positive
Aq dah pernah k sini..minum & mkanannya enak aq suka...recomandedğŸ‘,0.9996721744537354,0.00016450743714813143,0.00016333264647983015,positive
Porsi salad sayurnya bisa buat rame2.. Rasanya enak banget... Recomended utk pejuang diet ğŸ˜,0.999818742275238,5.802719897474162e-05,0.00012325571151450276,positive
ğŸ‘ aku n anakku udh coba kesana,0.9246610403060913,0.07194742560386658,0.0033915555104613304,positive
Wah enak banget ikiğŸ˜,0.999775230884552,6.262969691306353e-05,0.00016218514065258205,positive
Subhanallah... terimakasih atas nasehatnya,0.9989504814147949,0.0004902034997940063,0.0005593649111688137,positive
Bukanya sore ya? Siang apa gak buka brati,0.0010947680566459894,0.7160876989364624,0.2828174829483032,neutral
Padahal mayan jauh dari solobaru wkwk. Tapi menu menunya rekomended banget. Dan yang paling penting deket dari rumah jadi enak sat set sat set wkwk,0.9997023940086365,0.00011113700020359829,0.00018632829596754164,positive
Kenapa aku yg rumah disini ga prnh tau ğŸ˜‚ğŸ¤£ @dewirahmawulan__,0.0003625567478593439,0.0002080916310660541,0.9994292855262756,negative
"Maaf saya pernah kesana ğŸ™Œ pesanan ngaterin salah tp dah kadung kemaksn sm suami trus berikutnya salah lg krna kan itu buman pesanan kitaakhirnya saya tolak, gak lama di datengin bawa kertas menu dan bilang ""ini pesanannya sesuai yg ditulis lho kak"" dan saya bilang ""itupesanan bukan dr meja ini kak""",0.0005237453151494265,0.0005596457631327212,0.9989166259765625,negative
Ada juga sop sapi extra cacing pita wak,0.021207178011536598,0.9741103649139404,0.004682411439716816,neutral
Gaskeun @galihgunturgemilang @diandnc @madmamaz dek syef dah kesini beloooom? @syefiraayudia @genttruestories,0.7198837399482727,0.22028279304504395,0.05983347073197365,positive
Naruto style,0.6545218825340271,0.21991658210754395,0.12556153535842896,positive
Deket gak ini @septianikaa?,0.00806871335953474,0.014035496860742569,0.9778957962989807,negative
"Ohh iyaa,2 hari yg lalu ke sana,saladnya enak,bebek goreng nya jg enak,",0.9995885491371155,0.00015172174607869238,0.00025973826996050775,positive
Yok mba @fe_soetanto ğŸ˜‚,0.9815619587898254,0.014172115363180637,0.004265998024493456,positive
Dl wktu masih di solo ak sring ksni.. emg candu bgt masakan ny. Hmmm jd kangen solo.. udh lama bgt gk ksna.,0.9991212487220764,0.00019494889420457184,0.0006838146946392953,positive
"Cuma 1.5km dari rumah, kemarin kesana gara-gara postingan ini, Enak mantap !! â¤ï¸",0.9986417889595032,0.0003142558562103659,0.0010439796606078744,positive
cantumin min daftar harganya,0.00022192503092810512,0.9996204376220703,0.0001576715731061995,neutral
Ekhem @fauzan_nurh,0.0002964414015877992,0.9993422627449036,0.0003612664877437055,neutral
Mau coba @margasepty ?,0.0007411849801428616,0.9864670634269714,0.012791763991117477,neutral
"Yg pasti buat males Solo Baru banyak SPA & Massage, hiburan malamnya, jd gak nyaman tinggal di soba.. ndak ad yg mau ngakat tempatâ€ ini biar lebih di evaluasi & jaga",0.031009409576654434,0.0009167854441329837,0.9680737853050232,negative
Anu..partner kulinerku saiki sibuk .dadi sementara engga sikğŸ˜¢,0.0005417230422608554,0.9693705439567566,0.030087746679782867,neutral
Recomended bgd....ownernya ramah parah....sajiannya sehat nikmat...harga pas ....harus bgt balik lagi...saladnya ngangeni wedang bunga talang nya top,0.9997720122337341,8.071983029367402e-05,0.00014730535622220486,positive
"bener , apalagi harganya bener"" sesuai .. apalagi cepet banget pelayanan nya",0.9992844462394714,0.00013635300274472684,0.0005791735020466149,positive
Knp ga dari dulu ya @rjehann,0.0010704521555453539,0.0012158737517893314,0.9977136850357056,negative
Terno rene ak sep @septya.chiwa,0.002860027365386486,0.9943022727966309,0.0028376902919262648,neutral
â¤ï¸,0.9990829229354858,0.00021732876484747976,0.0006996740121394396,positive
"Di Mbaki yaa , udah pernah kesana dong ğŸ˜",0.9915754199028015,0.002291266107931733,0.006133319344371557,positive
Duhhh jadi ngilerrrr ğŸ« ,0.5272977948188782,0.0016073278384283185,0.47109484672546387,positive
Iya betul mbaki aku udh kesana ğŸ˜Š,0.9976738095283508,0.0005361270159482956,0.0017900734674185514,positive
"rekomen poll, mas nya jg ganteng2ğŸ˜ğŸ˜ğŸ˜ğŸ˜",0.9991756081581116,0.00045182916801422834,0.00037255630013532937,positive
Itu mbaki bkn soba ğŸ˜­,0.003694552229717374,0.007941721007227898,0.9883637428283691,negative
Pernah ke sukoharjo tow,0.007900575175881386,0.9914888143539429,0.0006105385255068541,neutral
Fav ğŸ˜‚ğŸ˜ @lovelyalvi26 mau nyoba?,0.009740033186972141,0.9840233325958252,0.006236569955945015,neutral
Tiwas adoh2...@aliefrizkyshu lha kok......ğŸ˜¢,0.0003708291333168745,9.57978336373344e-05,0.9995334148406982,negative
brpa kav,0.9975304007530212,0.000790634541772306,0.0016789172077551484,positive
Adooh meen tak pikir mung kono kui,0.08744759857654572,0.0031059610191732645,0.9094464778900146,negative
Mampir dwonggg ğŸ˜¢,0.0003123860224150121,0.0005463231937028468,0.9991412162780762,negative
Ayo mrono,0.5752353668212891,0.02732270583510399,0.39744192361831665,positive
Yah @bsetiaji181 cedak omah,0.00015653143054805696,0.0001332951069343835,0.9997101426124573,negative
suka kak,0.9996733665466309,0.00011147248005727306,0.0002152336819563061,positive
"menu nya sama kayak yg di tasikmadu,makan sayur gak perlu jauh2 lagi ğŸ˜ tp mslhe ngajak sopo ğŸ˜¢",0.9992735981941223,0.0003180964558850974,0.0004083319799974561,positive
â¤ï¸â¤ï¸ td siang baru dr sana. Enak smua.... @widyoagung sukses trs gul (owner),0.9995026588439941,0.00022249306493904442,0.0002748316328506917,positive
Bunddd ğŸ¥º @kartikachand_,0.0001648952456889674,0.998695433139801,0.001139756990596652,neutral
Kesini yuk ay @_iguntara5,0.00020706270879600197,0.9995763897895813,0.00021651799033861607,neutral
Enak Ki @syamsihartati,0.0005517242243513465,0.00011355002789059654,0.9993347525596619,negative
Cdahe mbh kudu mas @irul2491,0.0003234881442040205,0.0009285763371735811,0.9987479448318481,negative
Bisa yok @priswariwina,0.00018452575022820383,0.9996753931045532,0.0001401678891852498,neutral
ğŸ˜,0.9993459582328796,0.00010328478674637154,0.0005507358582690358,positive
Mau cem ni gak @kos.griyakalibogor ğŸ˜‚,0.0005696588777936995,0.6201749444007874,0.37925541400909424,neutral
Harus kesini nihğŸ˜,0.9993913173675537,0.00012937943392898887,0.00047925507533364,positive
yank @achekneggro,0.00027372228214517236,0.9994778037071228,0.00024854979710653424,neutral
â¤ï¸,0.9990829229354858,0.00021732876484747976,0.0006996740121394396,positive
MantapğŸ‘,0.9997701048851013,6.406690954463556e-05,0.00016575622430536896,positive
Catet pi @evviarum,0.00017645992920733988,0.9988983869552612,0.0009251210722140968,neutral
The best banget....rasanya enak harga murahğŸ˜ğŸ˜ğŸ˜,0.9998005032539368,6.10162278462667e-05,0.00013855076394975185,positive
"Pernah, dan menyenangkan ğŸ¤©ğŸ‘",0.9995805621147156,0.00013848264643456787,0.00028102906071580946,positive
Keluyuran malam ini bestieeee @turianggraini @rien_justrien @a.k.u.novita @rienadewii,0.010331430472433567,0.9766231775283813,0.013045432046055794,neutral
gas le @yanutimur @shofiesholikhah cedek omah e @septian.erwin,0.00038985698483884335,0.28892529010772705,0.7106848955154419,negative
mimin sukaaa,0.9996108412742615,7.538150384789333e-05,0.00031371781369671226,positive
Saladnya mantaab.. uakeeeh porsinya,0.0011863043764606118,0.0003352272033225745,0.9984784722328186,negative
Vegetarian cocok ikiğŸ˜ #vegan #vegetarian,0.9936655163764954,0.0020662390161305666,0.004268300719559193,positive
Gas,0.9003276824951172,0.0024576152209192514,0.09721475839614868,positive
Ki daerah cerak soba beb,0.936974287033081,0.04470875859260559,0.01831691898405552,positive
doyan rak @ariwijayanti92 ngndi ki,0.00031574408058077097,0.9995622038841248,0.00012197712931083515,neutral
Enak tenan ...mantebs salad dllnya .nggone koncoku ..pulang kon metik kangkung daun slada hidroponik,0.015750374644994736,0.0004199921095278114,0.98382967710495,negative
Ayo bareng 2x ke sana temen2x solo,0.9965950846672058,0.0026893403846770525,0.0007155972998589277,positive
Bukanya mulai jam brp,0.005038331262767315,0.03944683074951172,0.9555148482322693,negative
Lg usum klithih,0.050127241760492325,0.6187931299209595,0.3310796022415161,neutral
Perlu dicoba pa @eko3anto1984,0.0064276643097400665,0.9924416542053223,0.0011306962696835399,neutral
Spill harga min ğŸ˜,0.007882284000515938,0.000452053063781932,0.9916656613349915,negative
Besok kesana ahhh deket,0.9983524084091187,0.0003535417781677097,0.0012940225424245,positive
Yuk pencinta sayur merapat @intansalsa.bi @dindaleoo ğŸ˜‚ğŸ˜‚,0.29864150285720825,0.4424639344215393,0.25889453291893005,neutral
Kayaknya enk kae de' @arini.rinnn,0.9915212392807007,0.0015713905449956656,0.006907419301569462,positive
Sayurnya seger bangettâ¤ï¸,0.9997506737709045,7.368029764620587e-05,0.00017566811584401876,positive
cedak rumahq,0.10170573741197586,0.07281798124313354,0.8254762887954712,negative
boleh di coba nii @__n.anisa @wiwien_233,0.00022545934189110994,0.999530553817749,0.00024402531562373042,neutral
Gara2 diajak anakku makan salad sayur disini nih aku jadi doyan makan salad sayurğŸ˜‚ğŸ˜‚ğŸ˜‚dan pulangnya dibawain sayur an kangkung organik sekresekğŸ˜ğŸ˜,0.9994180202484131,0.00020506037981249392,0.0003769600880332291,positive
Ayo bestie @natalie_mrs.leo,0.001992390025407076,0.9955217838287354,0.0024858014658093452,neutral
Mau mudik cobain ini terus balik jkt lagi @aurreliia wkwkwkwk,0.39036935567855835,0.37606820464134216,0.2335624247789383,positive
Gassndaa bunaa @cacawashere,0.9879087805747986,0.00307106995023787,0.009020206518471241,positive
Ini ownernya ruamaah puol. Gak pelit ilmu soal taneman2 juga.,0.9431318640708923,0.0012496467679738998,0.055618491023778915,positive
Rela.bgt bikin candu,0.0003586717357393354,0.00011412345338612795,0.9995272159576416,negative
Mba @hyelenbuya99,0.001668084179982543,0.9970703125,0.0012615988962352276,neutral
Cobain ini @nabilapputriii,0.13785777986049652,0.5544142723083496,0.30772802233695984,neutral
Alamat mana,0.0009250741568394005,9.008633787743747e-05,0.9989848732948303,negative
Ngendi iki mol @renyyuly,0.01313474215567112,0.9567113518714905,0.03015386499464512,neutral
Sini yookk @ariii.kurnia,0.00521462969481945,0.978822648525238,0.015962757170200348,neutral
Sayang ga buka siang hariğŸ˜¢,0.0006731009925715625,0.00017495203064754605,0.9991519451141357,negative
Enak sii pren serius @ariana07022 @latifahrmdni ğŸ˜,0.000525208015460521,0.00018617924069985747,0.9992885589599609,negative
Duuhhh pengenn....,0.004472652450203896,0.00016932931612245739,0.9953580498695374,negative
gass kesana gratis foto sm yg masakğŸ˜,0.9979448914527893,0.001335913548246026,0.0007191975018940866,positive
"Lagii dan lagii Adidas sale 70% beb, gasskeunnğŸ’ƒğŸ»",0.596981406211853,0.1832275539636612,0.21979102492332458,positive
Pengen Iki @bangkitpriyo_utomo,0.0018363591516390443,0.9924235343933105,0.005740043241530657,neutral
Yg punya LG ada panenan apa Iki min?soale neg pas jambune berbuah sek beli pada dikasih..matoa Yo enek..kapan kae Aq malah dibawai pulang panenan kangkung hidroponik ğŸ˜,0.06503899395465851,0.003040092997252941,0.9319209456443787,negative
"Nagihi,salad nya memang andalan ,tapi menu yg lain ga kalah mantap ğŸ‘Œ",0.9994663596153259,0.00022362239542417228,0.00030999380396679044,positive
Wah ketok enak mantab,0.9996943473815918,0.00012711971066892147,0.00017853252938948572,positive
Badalaaah....nilapkeğŸ˜¢,0.0015438450500369072,0.00012407178292050958,0.9983320832252502,negative
Terima kasih sudah makan malam di sebelas rasa ya kak..,0.8311665058135986,0.1649094969034195,0.003923969808965921,positive
besok plg solo hrs kesni pap @indra.wahyudi77,0.0002116320829372853,0.9996469020843506,0.00014147759065963328,neutral
Loh lohh harus e ketemu kita yaağŸ˜‚,0.0016591543098911643,0.0008758387994021177,0.9974650144577026,negative
salad nya seger bgt,0.9995952248573303,7.381758041447029e-05,0.00033099850406870246,positive
jujurr pencinta salad wajib cobain inii,0.9995760321617126,0.00015517446445301175,0.0002688758831936866,positive
mantep bangett tempatnya,0.011087139137089252,0.00019486462406348437,0.9887180328369141,negative
GOKILLLL,0.006452999077737331,0.00026890161097981036,0.9932780861854553,negative
saladnyaa 10/10,0.6962003111839294,0.17507602274417877,0.12872369587421417,positive
tempatnya buat kumpul bareng keluarga rekomend banget siğŸ¤™,0.9998347759246826,6.750795728294179e-05,9.7775919130072e-05,positive
jadi pengen kesini lagi dehğŸ¥²,0.8587528467178345,0.0015014561358839273,0.13974568247795105,positive
paling suka salad nya ğŸ˜­,0.9996823072433472,8.217516733566299e-05,0.00023542829148937017,positive
Baki nya sebelah mana kak?,0.00022286869352683425,0.0002928048197645694,0.9994843006134033,negative
Mantap kakğŸ‘,0.9997780919075012,6.766113801859319e-05,0.0001542359677841887,positive
Duh enak kui salad mas,0.9996743202209473,8.836550841806456e-05,0.0002372434682911262,positive
ğŸ‘ğŸ‘ğŸ‘,0.9993628859519958,0.00010981045488733798,0.0005273420829325914,positive
Seger saladnyağŸ˜,0.9996762275695801,7.132707833079621e-05,0.00025240276590920985,positive
Bolehhh yukkkk,0.9784648418426514,0.012465869076550007,0.009069234132766724,positive
masuk listğŸ˜,0.9996514320373535,0.0001011024069157429,0.0002475536603014916,positive
T4 pasny d mna kak,0.11480361223220825,0.8820570707321167,0.003139344509691,neutral
Sukoharjo anjir udu soloğŸ˜­,0.0887337476015091,0.9107499122619629,0.0005163886235095561,neutral
Minat ra john salad sayur favorite mu hlo ğŸ˜† @silviaseptyaningsih cdak nggonmu sisan mbakii,0.22863565385341644,0.04886931553483009,0.7224950194358826,negative
Dadi pengen runu,0.9030072689056396,0.049369003623723984,0.04762370139360428,positive
Kesukaanku salad kebab endull,0.9995753169059753,0.00010988314897986129,0.00031486927764490247,positive
Ayo ksini @ambangcw @senjaning7869,0.0025288446340709925,0.6118482947349548,0.38562291860580444,neutral
Mulai buka jam brapa?,0.0002494295476935804,0.0011293408460915089,0.9986212253570557,negative
Pas ya Dmn njih,0.9830438494682312,0.011959917843341827,0.004996199160814285,positive
Baki????? Lahhhh gimana aku gak tahu ada tempat makan sehat ini? Deket rumah padahal,0.00028281431877985597,6.2210310716182e-05,0.99965500831604,negative
"pas neng seruni, kayane seru di gofood @andi_hermawan_89 @silvia_kusumaningrum89",0.004047788213938475,0.9957643747329712,0.0001877492613857612,neutral
Salam dr solo.. deket rumah aku itu ğŸ˜,0.39238694310188293,0.6042874455451965,0.003325643250718713,neutral
Sini yukkk @andi_jaff,0.00014650975936092436,0.999277651309967,0.0005758957122452557,neutral
"Di Solo??? Solo Sama Sukoharjo beda bosss, Solo itu Kota, Sukoharjo Kabupaten.",0.007791915908455849,0.1343710869550705,0.8578370213508606,negative
Dmn nihhh,0.9774775505065918,0.0008899053209461272,0.0216324832290411,positive
Gass bos @theodoric.setiawan,0.002090809401124716,0.9766581654548645,0.021251069381833076,neutral
Baki kab Sukoharjo...mo kearah Daleman,0.0002586418704595417,0.9342765212059021,0.06546487659215927,neutral
Hydroponics itu organic ya ?ğŸ˜‚,0.0012002919102087617,0.0005524020525626838,0.9982473850250244,negative
Badabest ini saladnya.... Menunya baanyak & tempatnya nyaman. Pokoke wajib disatroninğŸ‘ŒğŸ»ğŸ‘ŒğŸ»ğŸ‘ŒğŸ» #bisa belajar berkebun juga sama ownernyağŸ¤—,0.9997912049293518,6.5008774981834e-05,0.000143800163641572,positive
"Minta tolong spill harganya maszzzeeehhh, biar bisa menyesuaikan sangune hehe",0.003992462996393442,0.9081787467002869,0.0878288671374321,neutral
Kemeruh,0.9937925934791565,0.0003468981012701988,0.005860575474798679,positive
Hm kapan kesitu y,0.0008669683593325317,0.0020751692354679108,0.9970579147338867,negative
"Baki min,,, Dudu soloğŸ˜‚",0.0005982687580399215,0.0007559576188214123,0.9986458420753479,negative
Gass,0.9941348433494568,0.0007452342542819679,0.005119942128658295,positive
Gasss @hendriagung96,0.5085521340370178,0.45011118054389954,0.04133671522140503,positive
"Pernah kesini, dibonusin ownernya suruh ambil kangkung sepuasnya ğŸ˜‚",0.9822252988815308,0.01412940863519907,0.0036452491767704487,positive
Mantul saladnya plus minumanny lingzi,0.9973207116127014,0.002180123468860984,0.0004992703325115144,positive
Joss.. kapan2 di coba,0.40429332852363586,0.003516717813909054,0.5921899676322937,negative
Nyoba mbk @asyfadianna29 ğŸ˜…,0.15472917258739471,0.8438454866409302,0.001425361493602395,neutral
enak mas aku tau rono Karo ponakanku,0.5752914547920227,0.010041904635727406,0.41466668248176575,positive
"MantapğŸ‘, harus diagendakan kalau yang sehatÂ²seperti ini.",0.9968804121017456,0.0010407408699393272,0.002078847261145711,positive
Ayo pecinta salad kita makan kesini @pabrianalarasati @kiranasekha,0.9936151504516602,0.005826229695230722,0.0005585698527283967,positive
LOKASI DIMANA MIN,0.6864119172096252,0.020257659256458282,0.2933304011821747,positive
Lokasi tepat nya dmn ya?,0.9957083463668823,0.0005575622199103236,0.0037341341376304626,positive
Sorry organik sama hidroponik itu beda ya.,0.006806434132158756,0.005357579793781042,0.9878359436988831,negative
Salad hidroponik lebih tepatnya ğŸ˜,0.4288797676563263,0.2703927755355835,0.3007274270057678,positive
Ayo nyobain @dhimasyogantara89,0.0014349175617098808,0.9980713725090027,0.0004937290214002132,neutral
Bakinya sblh mana.. Rmhku jg baki tp ga tau,0.0013783685863018036,0.0033674631267786026,0.9952541589736938,negative
Mantap banget rasanyağŸ‘ğŸ‘,0.9997581839561462,5.598035204457119e-05,0.0001858143077697605,positive
udah pernah kesini sir? @iankrishnanda,0.0008549469639547169,0.8124052882194519,0.1867397278547287,neutral
"Tempatnya ngumpet, tapi homey. Ga berasa lagi makan di resto, kek makan sama keluarga di rumah wkwkğŸ˜‚",0.9936619997024536,0.0007010051631368697,0.005636921152472496,positive
Mbak @noeroeldjariyah ayo kesiniğŸ˜ğŸ˜ğŸ˜,0.9996034502983093,0.0001655862433835864,0.00023089017486199737,positive
Ayo deket nih @akuikuika @_ranrania,0.011880975216627121,0.9874858260154724,0.0006331542390398681,neutral
itu sukoharjo,0.06728330999612808,0.9317700266838074,0.0009466657065786421,neutral
Ga lagi dah.. nunggu makanannya lama buanget,0.0006075898418202996,9.869377390714362e-05,0.9992936849594116,negative
Mengharumkan nama baki,0.004309863783419132,0.9925060868263245,0.0031840589363127947,neutral
Lambungku perih rasanya kecuuutttt ğŸ˜®,0.0004104908148292452,8.362228982150555e-05,0.999505877494812,negative
ğŸ‘Es duren memang joss...,0.9983720183372498,0.000460634269984439,0.001167381415143609,positive
Enak bgt pen coba ğŸ¤¤,0.005218178499490023,0.00018373392231296748,0.9945980310440063,negative
Ini di baki daerah saya min..ğŸ‘ğŸ‘ğŸ‘..ndelik tp ngga ngecewain kan min..?ğŸ˜,0.8950262069702148,0.008886023424565792,0.096087746322155,positive
Iki ngendi panggone mas ? ğŸ˜ @anang8874,0.00032017301418818533,0.9994097948074341,0.00027010682970285416,neutral
La omah q baki tapi aq ga ruh i,0.0003966570075135678,0.0002474802313372493,0.9993558526039124,negative
Dirimu gawe ngene po ra josd mbak.. @devi_rosita_isnien_,0.0002620569139253348,0.9932303428649902,0.006507622543722391,neutral
hidroponik kok organik #heran.,0.0994822084903717,0.001459272112697363,0.8990585207939148,negative
Langganan mu... @merry_nugrho,0.0005419258959591389,0.9986334443092346,0.0008246374200098217,neutral
Dimana letaknya? Buka jam brp?,0.002118166768923402,0.37050700187683105,0.6273748874664307,negative
Pingin ke siniğŸ˜,0.9975593090057373,0.00015820880071260035,0.0022825170308351517,positive
Baki sukoharjo,0.000531173252966255,0.00024232262512668967,0.999226450920105,negative
Baru tahu baki tu ternyata masuk solo,0.006103959400206804,0.012684709392488003,0.9812113046646118,negative
Lokasi pas nya berarti di kudu ya? Sama baldes mananya ya? Saya di kwarasan,0.01081231702119112,0.23834696412086487,0.7508407235145569,negative
lehh cedak omahku masak rangetiğŸ˜¢,0.008815928362309933,0.8923646807670593,0.09881945699453354,neutral
Recommended bgtğŸ‘ğŸ‘ğŸ‘udh sering ketemu sm yg punya resto,0.9991500377655029,0.0003629774146247655,0.0004870886914432049,positive
Rene Yo mi @unun_abriel,0.0011083190329372883,0.8524063229560852,0.14648541808128357,neutral
Baru aja ak kesini recommended sekali mantap,0.9996750354766846,6.371492781909183e-05,0.00026122297276742756,positive
Solonya dimn to,0.0006129145622253418,0.999195396900177,0.00019167039135936648,neutral
Info lokai min,0.0014191556256264448,0.9978801012039185,0.0007008168613538146,neutral
Bisa QRIS ga ya disini,0.002404458587989211,0.6944327354431152,0.3031628429889679,neutral
Nemu pas ra oleh maem ğŸ˜¢ @nurcahyoadetya,0.00015159847680479288,0.999294638633728,0.0005536408862099051,neutral
Nama tempatnta apa ya .. maaf ga nemu di reel.. apa terlewat ya ?,0.0002608374343253672,0.9970331192016602,0.002706044353544712,neutral
Mbakine ngendi mas,0.03284459188580513,0.0033502639271318913,0.9638051390647888,negative
Great place ğŸ”¥,0.9888705015182495,0.004320310428738594,0.006809252314269543,positive
Lokasinya dimana kasih alamatnya,0.6774348020553589,0.3204660713672638,0.002099111443385482,positive
â¤ï¸,0.9990829229354858,0.00021732876484747976,0.0006996740121394396,positive
Mak @naluria_ika mana ni dr tempet mu,0.000688199361320585,0.9909349083900452,0.008376840502023697,neutral
baki sukoharjo mas bukan solo,0.000570652075111866,0.464436799287796,0.534992516040802,negative
cocok @mirzananda_ perlu d coba?,0.8102791905403137,0.16582272946834564,0.023898165673017502,positive
Mahal,0.0024943887256085873,0.00011734499275917187,0.9973883032798767,negative
"Sdh pernah nyoba.. Rasanya Pas dilidah.. Ada saran.. Snack camilannya pakai yg kukus/ rebus Doong.. Misal ğŸ¥œ Rebus, Edamame kukus dll.. Trimakasih.. Semoga semakin Sukses..",0.9992979764938354,0.0004370987298898399,0.0002648963127285242,positive
Mana nih kak @ichaarrrrgg,0.005687941797077656,0.0003618375048972666,0.9939502477645874,negative
Dimana cepet bgt baki sebelah mana,0.00524108624085784,0.004316392354667187,0.9904424548149109,negative
Kok koyo mas al tah? @abcdhunu,0.0001482094667153433,0.00014248966181185097,0.9997093081474304,negative
Enak ta,0.0014833619352430105,0.00012677465565502644,0.9983898401260376,negative
"salad nya yg bikin menggiur ini, cakep juga warna nya",0.9984797835350037,0.0006190570420585573,0.0009011324727907777,positive
cikkkkkkkkk @oyiieent,0.8545833230018616,0.002793879946693778,0.14262278378009796,positive
nyoba Iki ğŸ¤¤ @wulan.eko.35,0.006964534986764193,0.989250898361206,0.0037845212500542402,neutral
"gaezz @eliz.varo @anggitafilans mosok enek ngeneki neng baki,,suk gaazz yoh",0.0002442787226755172,0.0001914909662446007,0.9995642304420471,negative
Dari rumah cuman 7 menit wkwkw,0.0016853089910000563,0.011163603514432907,0.9871511459350586,negative
Cedak kost ku ternyatağŸ˜®lg ngerti,0.9980337023735046,0.00015643385995645076,0.0018098606960847974,positive
Mantap ini,0.9997348189353943,5.4091113270260394e-05,0.00021110984380356967,positive
"Kudu, Baki, Sukoharjo. Bukan Solo Min ğŸ™ğŸ»",0.5904950499534607,0.06487832218408585,0.34462663531303406,positive
â¤ï¸,0.9990829229354858,0.00021732876484747976,0.0006996740121394396,positive
Pgn tp kok ndadak tekan omahmu @elyanrb,0.00012587646779138595,0.0006704360712319613,0.9992037415504456,negative
â¤ï¸,0.9990829229354858,0.00021732876484747976,0.0006996740121394396,positive
"Salad dressing ga enek, dan yg ga suka mayonaise Bisa ganti minyak wijen, dan Saladnya fresh keseluruhan rasa enak, tempatnya adem kayak dirumah sendiri. ğŸ‘ğŸ‘",0.9997715353965759,9.477396815782413e-05,0.00013373610272537917,positive
Maap ya kak yaaâ€¦ hidroponik bukan organik yaağŸ™ğŸ˜…,0.989573061466217,0.0023575718514621258,0.008069322444498539,positive
"Sedikit ralat,...itu tempatnya masih di Sukoharjo bang,bukan solo",0.003977179992944002,0.14322572946548462,0.8527970314025879,negative
Kie cedhak omahku tp ko mlh reti saka kene ğŸ¤­,0.0009303709957748652,0.7004606127738953,0.2986089885234833,neutral
Sukoharjo ini mah,0.05526958778500557,0.8829257488250732,0.0618046373128891,neutral
Gassskennnn,0.9918023943901062,0.0017330156406387687,0.00646456703543663,positive
Deket rumahku ternyatağŸ˜­ğŸ˜­,0.8674729466438293,0.0012119729071855545,0.13131506741046906,positive
Menu sehat patut dicoba,0.9997877478599548,9.309256711276248e-05,0.00011920161341549829,positive
Ini masuk solo ya ğŸ˜,0.011902401223778725,0.1767117977142334,0.8113858103752136,negative
Hidroponik itu Bukan Organik mase ğŸ¥²,0.9991674423217773,0.0003079111047554761,0.0005246998625807464,positive
eh kakelku sma bukan si?,0.00039259588811546564,7.670620107091963e-05,0.9995306730270386,negative
Hidroponik blm tentu organik ğŸ˜‚,0.03674352169036865,0.7512757182121277,0.21198081970214844,neutral
"Njir solo, sukoharjo itu mah",0.0010949625866487622,0.4423384368419647,0.5565666556358337,negative
Monggo mampir ten @sotojimboeng min.,0.9994757771492004,0.00036444197758100927,0.00015977516886778176,positive
Iya daerah baki . Ayo to kapan . Sabtu aq g bs .mbak ipar q plg solo soale . Bs q minggu siang . Tp g bs nyetir smpe sanağŸ¥¹,0.015333442017436028,0.17794713377952576,0.8067194223403931,negative
bekas pabrik herbal,0.9884254932403564,0.0068001835606992245,0.004774327855557203,positive
Hidroponik kan kimia,0.8148324489593506,0.014775400049984455,0.17039212584495544,positive
"Sak RT Karo aku ğŸ˜¬, @sebelasrasa",0.0002585583715699613,0.9969978332519531,0.002743721241131425,neutral
Yank kesini @_itsmee.v,0.09766026586294174,0.45549944043159485,0.4468403458595276,neutral
"Mana si, deket rumah bgt? @ahmad_tri.w",0.36603161692619324,0.24641039967536926,0.3875580132007599,negative
Cedak ikih.. ğŸ˜ğŸ˜ğŸ˜,0.9992745518684387,9.669111750554293e-05,0.0006287411670200527,positive
Eunak dan mantab,0.9994922876358032,0.00020296980801504105,0.00030479198903776705,positive
"Pernah kesini, kebetulan ga jauh dari rumah, seperti pulang kerumah saudara trs diajak makan, nyaman banget ğŸ¤—",0.9996223449707031,0.00015314514166675508,0.00022448235540650785,positive
"Sukoharjo yaaa,bukan soloğŸ˜…",0.22198884189128876,0.6390424370765686,0.13896875083446503,neutral
"Emang recommended, apa lagi minumannya juaraa",0.9993245601654053,0.00022917910246178508,0.00044628625619225204,positive
ğŸ˜,0.9993459582328796,0.00010328478674637154,0.0005507358582690358,positive
Enak salad nya benar2 segar sayurnya. Aku udah kesana,0.9996618032455444,9.46998770814389e-05,0.00024351193860638887,positive
Masuk gofood ga?,0.15704771876335144,0.23086829483509064,0.6120839715003967,negative
ayooooo @azzizah_n,0.996982991695404,0.0012860990827903152,0.0017308855894953012,positive
Ancer2 lokasinya dunk...,0.9980583786964417,0.0007717477274127305,0.0011699566384777427,positive
Hidroponik bukan organik ygyğŸ˜Š,0.9987035989761353,0.00040342286229133606,0.000892873213160783,positive
"Terimakasih infonya saya pencinta salad ,kalau ke solo nanti sy bisa kesana ğŸ‘ğŸ‘",0.9974328875541687,0.002126244828104973,0.00044095003977417946,positive
Aku suka sayuran @gitaasaa___,0.9996750354766846,0.00014162628212943673,0.00018339113739784807,positive
Namanya apa ya,0.047250162810087204,0.4558207392692566,0.4969291388988495,negative
â¤ï¸,0.9990829229354858,0.00021732876484747976,0.0006996740121394396,positive
Kudu baki bukan solo tp Sukoharjo,0.00017072143964469433,0.9984473586082458,0.0013819795567542315,neutral
Kenapa jauh ğŸ˜¢,0.0021775809582322836,0.00014509973698295653,0.9976773858070374,negative
"BKN DI SOLO DONG BRATI, ITU MSUK NY SUKOHARJO,,DI RALAT LHO SUARA NYA YA MIN @kulinersolojogja.id",0.0002346835972275585,0.00012400816194713116,0.9996412992477417,negative
"hidroponik bukan organik. tapi gapapa lebih baik makan sayur anorganik tapi sebelumnya harus di cuci dulu, bisa pake garam, cuka apel, jeruk nipis, dll.untuk mengurangi kadar zat kimia dalam sayuran. daripada gak makan sayuran sama sekali.",0.5225916504859924,0.008758003823459148,0.46865028142929077,positive
Sayur organik kok seladanya pakai hidroponik? ...hahaha..... bijimane nih min?,0.0006576894083991647,0.00016857220907695591,0.9991737008094788,negative
sok Minggu po,0.00031947751995176077,9.55046562012285e-05,0.999584972858429,negative
Gasss @ika.dewi.s,0.9911276698112488,0.005398872774094343,0.0034735293593257666,positive
Solo tdk ada,0.9103564620018005,0.006256152410060167,0.08338744938373566,positive
Bukan solo kalau baki bro baki itu masuk Sukoharjo Yo bro,0.000882781227119267,0.29149100184440613,0.7076262831687927,negative
Ntar gini @zinniaorganicfarm,0.0013216898078098893,0.9642377495765686,0.03444063663482666,neutral
Kancaku wes kesana B aja,0.0004479364142753184,8.971262286650017e-05,0.9994623064994812,negative
Sy n tmnÂ² sering order saladnya. Seladanya beda lbh enak freshhh. Yukkk cobain,0.9996464252471924,0.0001090015794034116,0.000244566414039582,positive
Di Solo ğŸ˜‚,0.9987248778343201,0.0005038624512962997,0.0007712378283031285,positive
Nama warung n alamat detail dong pengen nyoba,0.1902339607477188,0.7783071994781494,0.031458839774131775,neutral
Suk goleki iki ma @prasetia.rini,0.00044337016879580915,0.9993784427642822,0.00017815420869737864,neutral
the real hidden gem TT,0.07362300157546997,0.9225853085517883,0.0037916426081210375,neutral
Lokasi@,0.9994986057281494,0.00013032623974140733,0.0003710174933075905,positive
Lokasi mana,0.9987859129905701,0.00013744508032687008,0.0010766613995656371,positive
Baki Sukoharjo kah? Pingin coba. @syhra_1511 @ana_moti,0.0010457567404955626,0.0005997769185341895,0.9983545541763306,negative
Tempatnya namanya apa ?,0.9360119104385376,0.011668696999549866,0.05231936648488045,positive
Baki kan sukoharjo bkn solo,0.00014085044676903635,0.0002335192111786455,0.999625563621521,negative
Ini bukanya cuma sore aja ya min? Pagi siang ga buka berarti ?,0.00022895258734934032,0.0014171348884701729,0.9983539581298828,negative
ğŸ‘,0.9993322491645813,0.00010405193461338058,0.0005636900314129889,positive
Dilihat saja sudah pasti enak bgt sauce nya. ğŸ™‚,0.9995563626289368,0.00011899913079105318,0.0003246258420404047,positive
Lokasinya pas nya d mna ya,0.999750554561615,9.712941391626373e-05,0.00015236511535476893,positive
Baki kok solo to mas mas wkwk,0.06348982453346252,0.035966694355010986,0.9005435109138489,negative
Mbok aku jak Rene Mel.... ğŸ˜‚@putrinurkomalasr,0.00031573150772601366,0.00022860926401335746,0.9994556307792664,negative
Tetep tim TFPğŸ˜¢,0.0004422104393597692,0.0001654365478316322,0.9993923902511597,negative
Kok pengen yo mas @fourinitisastro,0.0023554032668471336,0.0036240098997950554,0.9940205216407776,negative
Lah cedak kos @nurmuh11,0.0011746925301849842,0.6300591230392456,0.3687661588191986,neutral
Sdh mencoba.....salad nya mantap ğŸ‘,0.9996641874313354,0.00010555968765402213,0.00023022430832497776,positive
InsyaaAllah klo berkunjung ke Solo bisa mampir....demen bgt sm saladğŸ”¥ğŸ”¥ğŸ”¥â¤ï¸,0.9993234872817993,0.00041445280658081174,0.0002620706509333104,positive
"Plis maap bukannya julid, tp klo hidroponik itu kimia anorganik ya, bukan organik. Jauh bgt",0.00027633184799924493,0.00017126821330748498,0.9995524287223816,negative
Baki nya mna tah ini kk,0.0005334060988388956,0.00029239783179946244,0.999174177646637,negative
Deket rumahku ini punya pakde parjimo..ğŸ˜¬,0.00040760438423603773,0.9981766939163208,0.001415720907971263,neutral
Daerah mn itu kak,0.007820457220077515,0.9761914014816284,0.015988092869520187,neutral
di mana ini,0.00019646264263428748,0.00020233304530847818,0.9996011853218079,negative
Nyobain yuk @shokibmuhtarom,0.02370917983353138,0.7257753014564514,0.25051552057266235,neutral
Ngendiii iki,0.11167404800653458,0.0021219903137534857,0.886203944683075,negative
Ayo kesini @tita_srianti,0.11550965160131454,0.8801419138908386,0.00434848153963685,neutral
Lha ini deket rmhmu om @yoema79 @samuel.julianto,0.17651748657226562,0.8079854846000671,0.01549697294831276,neutral
Gmap : Sebelas rasa ğŸ˜ğŸ˜ğŸ”¥ğŸ”¥deket,0.9116016030311584,0.08356469869613647,0.00483372388407588,positive
"ğŸ˜­hidroponik bukan organik mas,",0.9915277361869812,0.002551410114392638,0.005920868832617998,positive
ajakin aku kesini makkk @kikikukekok,0.0027874812949448824,0.0032915878109633923,0.9939209222793579,negative
Kapan2 nyoba pizz @rizqi_cepliz @endrasndut menu sehat kyake,0.9125611782073975,0.08632028102874756,0.0011185096809640527,positive
ğŸ˜ğŸ˜ğŸ˜,0.9995299577713013,9.463096648687497e-05,0.00037542954669333994,positive
Kuuy kesini yah @irfanhadiyanto_,0.0004999396041966975,0.9991235136985779,0.0003766637819353491,neutral
Ya tapi mayo nya akeh gitu ga bahaya ta,0.0010954114841297269,0.0002040551189566031,0.9987004995346069,negative
"Loh, deket rumah, dimana min tepatnya?",0.301667720079422,0.028608012944459915,0.6697242259979248,negative
Namanya apa kak?,0.02849353663623333,0.1187383309006691,0.852768063545227,negative
Daerah Solo Baru kah ?,0.004448234103620052,0.0011271738912910223,0.99442458152771,negative
Sesuai sama tagline nya Saladnya Jagoan beneran....suasana bener2 homy kayak rumah sendiri..banyak promo juga nih..rekomendasi bgt...solo baru sekitar silakan merapat...,0.999798595905304,6.254800973692909e-05,0.0001389036187902093,positive
bebeknya ğŸ‘Œ,0.0023535240907222033,0.00014129813644103706,0.997505247592926,negative
"Udah langganan saladnya emng enak, minuman lingzhi juga unik, hampir gada di tempat lain",0.9996401071548462,0.00013350305380299687,0.00022640738461632282,positive
Dijamin sehat dan segar,0.9997662901878357,7.36213187337853e-05,0.00016003497876226902,positive
Hidroponik koq organik...darimana organiknya,0.9718219637870789,0.0008048737654462457,0.027373120188713074,positive
Unggg @uung__,0.0011887855362147093,0.0003838131087832153,0.9984273910522461,negative
Deket rmh tapi baru taauuuğŸ˜¢,0.006803053431212902,0.00786325242370367,0.9853336811065674,negative
unik nih mb bisa jd rekomen besok ke solo @eyinandersson,0.01665804162621498,0.9830045700073242,0.0003373705258127302,neutral
"Rasa sayurnya fresh banget dan ga pait, mungkin karna hidroponik kali ya, suka banget sama salad dressingnyaâ¤ï¸",0.9997625946998596,9.798195969779044e-05,0.00013946245599072427,positive
"Omahku Baki juga, lg ngerti di sini.",0.07235731184482574,0.011415383778512478,0.9162272810935974,negative
Yoh mrene @betamula,0.00028236748767085373,0.9994813799858093,0.00023623080051038414,neutral
Mau nyoba ??,0.9922515749931335,0.0005030588945373893,0.007245357614010572,positive
Nama warung nya apa ya,0.0017730346880853176,0.9973412156105042,0.000885697256308049,neutral
"Serius abis coba kesana,enak poll..sliced bbq chicken salad& bumbu saladnya MANTAB,ayam grnya jg enakk ada bumbu kalasannya (serabut2nya yummy)ğŸ˜",0.9998140931129456,6.997328455327079e-05,0.00011594207171583548,positive
Berapaan,0.004812934901565313,0.00026673503452911973,0.9949203133583069,negative
Ada wa nya gk ya,0.00046709796879440546,0.0009686333942227066,0.9985643029212952,negative
Pak @d.yulianto23,0.0001299585128435865,0.9993463158607483,0.0005236883880570531,neutral
Udah pernah k situ..tp belum coba ğŸ¥—,0.0024227341637015343,0.6054731011390686,0.39210420846939087,neutral
Panggilan kepada saudari @faridatrisna mohon segera merapat...,0.00020731163385789841,0.9996820688247681,0.0001106135532609187,neutral
Lah samping desa pas... Gatau ini dimana ğŸ¤£ğŸ¤£,0.001118433428928256,0.9762568473815918,0.02262474223971367,neutral
ğŸ˜,0.9993459582328796,0.00010328478674637154,0.0005507358582690358,positive
Ayo yus @yusniiiaaa,0.9990826845169067,0.00027570113888941705,0.0006415944080799818,positive
Pengennn @yusi.destiana89,0.00982673466205597,0.4086640477180481,0.5815092325210571,negative
Ownernya jg ramah bgt.. suka ngajak ngobrol pengunjung.. dan kalau pas bapaknya ada bsa konsul kesehatan jg ğŸ˜„,0.9993938207626343,0.0002668584929779172,0.0003392979269847274,positive
yg lagi doyan dolan nang baki ğŸ˜,0.2798771858215332,0.6485813856124878,0.0715414360165596,neutral
Olayooo siap eksekusi,0.015481890179216862,0.0027679994236677885,0.9817501306533813,negative
Buka jam brp ya?,0.0003076813882216811,0.9959084987640381,0.003783733583986759,neutral
Asli enak....seladanya freshâ¤ï¸,0.9997652173042297,9.252975723939016e-05,0.00014231020759325475,positive
Lagi ngerti kudu enek resto,0.0006558253662660718,0.0001557995128678158,0.9991883635520935,negative
deket rumahkuu ğŸ˜,0.9966075420379639,0.0005369886057451367,0.002855439903214574,positive
Cedak omahmu mbak @rya_ulala,0.0009876723634079099,0.00021445966558530927,0.9987978935241699,negative
".
.
.
.
.
#solokenyang #sobatsoken #tiktokindonesia #tiktokindo #solo #surakarta #exploresolo #kulinersolo #kulinerdisolo #lokersolo #foodporn #instafood #foodphotography #foodgasm #foodies #foodgramers",0.9989462494850159,0.0005300295888446271,0.000523705908562988,positive
Salad daerah nusukan-banyuanyar ada gak ya??? Pingin tp itu jauh,0.00022710322809871286,0.00018451426876708865,0.9995884299278259,negative
Markicob @thomas_agus_wijaya,0.02013731375336647,0.012148364447057247,0.967714250087738,negative
Reganr,0.9990648627281189,0.00020151352509856224,0.0007336707785725594,positive
Kpn dparani,0.00023178590345196426,0.999640703201294,0.00012754726049024612,neutral
So yummy...perlu dicoba niih,0.9977060556411743,0.0004868330142926425,0.0018070739461109042,positive
Wah mantep pas kebetulan lagi nyari salad. Makasih,0.9995790123939514,0.00014186842599883676,0.00027907840558327734,positive
Wow..gasskuen ğŸ˜‹ğŸ‡²ğŸ‡¨ğŸ‘,0.9997245669364929,9.028260683408007e-05,0.00018502507009543478,positive
Yuukkk @eny_mamazahra.hamudi,0.19808389246463776,0.6220925450325012,0.1798235923051834,neutral
Kita harus kesini bunda @nieke.ratriana ğŸ˜‚ğŸ˜‚,0.014441539533436298,0.8426046371459961,0.1429537981748581,neutral
Daerah mu Iki @veronnsandra ğŸ˜‚,0.00037713159690611064,0.999523401260376,9.943871555151418e-05,neutral
Ayam kremes mbak jojo tetap dihati,0.9981361627578735,0.0012674975441768765,0.0005963611183688045,positive
Enak iki recomended saladÃ¨,0.9987963438034058,0.00011304834333714098,0.0010906826937571168,positive
Wah Mantap Ini.. Bila Melintas Kami Akan Mampir Sambang Dulur Bakul ğŸ˜ğŸ˜,0.9989566802978516,0.00023437685740645975,0.00080893374979496,positive
Kyo e wuenakk ki mlaku tekan perlu di coba @ardhie_uuzt @kapan_goyang @indahdw186,0.9994516968727112,0.00031108857365325093,0.0002371684677200392,positive
Pie mbak @insanirisqinur ?? Cobain gih.. dkt bgt sm tmpat mu..,0.0007536805933341384,0.00017972842033486813,0.9990666508674622,negative
Cek menu dan harga,0.001279034186154604,0.9984702467918396,0.0002506806922610849,neutral
"Enak, top. Salad dan wedangannya macem macem enak enak. Ayam gepreknya milih yg sambel matah, enak poool. Rice bowl katsu juga enak. Disini nasinya pulen enak, mirip H*kben menurut kami.",0.9997544884681702,9.232541196979582e-05,0.00015316903591156006,positive
"SEBELAS RASA
0819-1402-9191 https://g.co/kgs/skqo5T",0.009339137934148312,0.0034019462764263153,0.9872589707374573,negative
â¤ï¸,0.9990829229354858,0.00021732876484747976,0.0006996740121394396,positive
Kami buka mulai besok ya...tgl 27 April 2023 ğŸ˜,9.75602597463876e-05,0.9976627826690674,0.0022397469729185104,neutral
dekert rumh bgt,0.9973561763763428,0.00035684858448803425,0.0022870274260640144,positive
dekert rumh bgt,0.9973561763763428,0.00035684858448803425,0.0022870274260640144,positive
Terima kasih atas rekomendasinya,0.9933274984359741,0.006084531545639038,0.0005879573291167617,positive
Genah nganggo iphone iki.. Kirimi file e ris,0.0013326880289241672,0.23711076378822327,0.7615565657615662,negative
"Hai ka, salam kenal
Jika berkenan F O L O W
Admin @dhimastriyanto_iwk ya.
Salam sukses slalu",0.007025791797786951,0.9914359450340271,0.0015382657293230295,neutral
anak anak al khoir...keep sholih sholihah...,0.9913913011550903,0.00681108795106411,0.00179757340811193,positive
ğŸ˜ğŸ˜ğŸ˜ğŸ˜ğŸ˜ğŸ˜ğŸ˜ğŸ˜ğŸ˜,0.9996390342712402,8.504117431584746e-05,0.0002758725604508072,positive
